metadata.title,0,41
metadata.author,42,64
chapter.title,68,94,1
chapter.text,94,12885,1
quote.nonquote,94,982
chapter.paragraph,96,1350,1
chapter.sentence,96,99,1
chapter.sentence,100,307,2
chapter.sentence,308,598,3
chapter.sentence,599,775,4
chapter.sentence,776,981,5
chapter.sentence,982,1036,6
quote.quote,982,1009
quote.nonquote,1009,1037
quote.quote,1037,1088
chapter.sentence,1037,1087,7
quote.nonquote,1088,4212
chapter.sentence,1088,1234,8
chapter.sentence,1235,1349,9
chapter.paragraph,1352,2481,2
chapter.sentence,1352,1521,10
chapter.sentence,1522,1655,11
chapter.sentence,1656,1825,12
chapter.sentence,1826,1943,13
chapter.sentence,1944,2058,14
chapter.sentence,2059,2238,15
chapter.sentence,2239,2480,16
chapter.paragraph,2483,3286,3
chapter.sentence,2483,2587,17
chapter.sentence,2588,2682,18
chapter.sentence,2683,2944,19
chapter.sentence,2945,3285,20
chapter.paragraph,3288,4056,4
chapter.sentence,3288,3489,21
chapter.sentence,3490,3698,22
chapter.sentence,3699,3787,23
chapter.sentence,3788,4055,24
chapter.paragraph,4058,4210,5
chapter.sentence,4058,4209,25
chapter.paragraph,4212,4375,6
chapter.sentence,4212,4374,26
quote.quote,4212,4242
quote.nonquote,4242,4308
quote.suspension.long,4242,4308
quote.quote,4308,4337
quote.nonquote,4337,4348
quote.suspension.short,4337,4348
quote.quote,4348,4377
chapter.paragraph,4377,4458,7
chapter.sentence,4377,4457,27
quote.quote,4377,4384
quote.nonquote,4384,4435
quote.suspension.long,4384,4435
quote.quote,4435,4460
chapter.paragraph,4460,8785,8
chapter.sentence,4460,4506,28
quote.quote,4460,4482
quote.nonquote,4482,4507
quote.quote,4507,8787
chapter.sentence,4507,4707,29
chapter.sentence,4708,4966,30
chapter.sentence,4967,5167,31
chapter.sentence,5168,5373,32
chapter.sentence,5374,5427,33
chapter.sentence,5428,5485,34
chapter.sentence,5486,5637,35
chapter.sentence,5638,5763,36
chapter.sentence,5764,5901,37
chapter.sentence,5902,6042,38
chapter.sentence,6043,6082,39
chapter.sentence,6083,6137,40
chapter.sentence,6138,6188,41
chapter.sentence,6189,6230,42
chapter.sentence,6231,6373,43
chapter.sentence,6374,6518,44
chapter.sentence,6519,6642,45
chapter.sentence,6643,6777,46
chapter.sentence,6778,6853,47
chapter.sentence,6854,6992,48
chapter.sentence,6993,7193,49
chapter.sentence,7194,7282,50
quote.embedded,7194,7245
quote.embedded.suspension.short,7245,7255
quote.embedded,7255,7323
chapter.sentence,7283,7334,51
quote.embedded,7335,7355
chapter.sentence,7335,7354,52
chapter.sentence,7355,7552,53
chapter.sentence,7553,7967,54
chapter.sentence,7968,8060,55
chapter.sentence,8061,8318,56
chapter.sentence,8319,8354,57
chapter.sentence,8355,8459,58
quote.embedded,8355,8377
quote.embedded.suspension.short,8377,8387
quote.embedded,8387,8460
chapter.sentence,8460,8657,59
chapter.sentence,8658,8742,60
chapter.sentence,8743,8759,61
chapter.sentence,8760,8784,62
chapter.paragraph,8787,8817,9
chapter.sentence,8787,8816,63
quote.quote,8787,8795
quote.nonquote,8795,8819
chapter.paragraph,8819,9418,10
chapter.sentence,8819,8862,64
quote.quote,8819,8842
quote.nonquote,8842,8863
quote.quote,8863,9358
chapter.sentence,8863,8886,65
chapter.sentence,8887,9131,66
chapter.sentence,9132,9229,67
chapter.sentence,9230,9303,68
chapter.sentence,9304,9417,69
quote.nonquote,9358,9486
chapter.paragraph,9420,9548,11
chapter.sentence,9420,9485,70
quote.quote,9486,9550
chapter.sentence,9486,9547,71
chapter.paragraph,9550,9678,12
chapter.sentence,9550,9599,72
quote.quote,9550,9575
quote.nonquote,9575,9600
quote.quote,9600,9680
chapter.sentence,9600,9677,73
chapter.paragraph,9680,9753,13
chapter.sentence,9680,9752,74
quote.quote,9680,9731
quote.nonquote,9731,9755
chapter.paragraph,9755,10286,14
quote.quote,9755,9781
chapter.sentence,9755,9764,75
chapter.sentence,9765,9798,76
quote.nonquote,9781,9799
quote.quote,9799,10288
chapter.sentence,9799,9903,77
chapter.sentence,9904,9957,78
chapter.sentence,9958,10196,79
chapter.sentence,10197,10285,80
chapter.paragraph,10288,10330,15
chapter.sentence,10288,10329,81
quote.quote,10288,10310
quote.nonquote,10310,10332
chapter.paragraph,10332,10899,16
chapter.sentence,10332,10397,82
quote.quote,10332,10372
quote.nonquote,10372,10398
quote.quote,10398,10901
chapter.sentence,10398,10425,83
chapter.sentence,10426,10546,84
chapter.sentence,10547,10670,85
chapter.sentence,10671,10755,86
chapter.sentence,10756,10898,87
chapter.paragraph,10901,11021,17
chapter.sentence,10901,11020,88
quote.nonquote,10901,10958
quote.quote,10958,10968
quote.nonquote,10968,10988
quote.suspension.short,10968,10988
quote.quote,10988,11023
chapter.paragraph,11023,11063,18
chapter.sentence,11023,11062,89
quote.quote,11023,11042
quote.nonquote,11042,11065
chapter.paragraph,11065,11204,19
chapter.sentence,11065,11140,90
quote.quote,11065,11082
quote.nonquote,11082,11105
quote.suspension.short,11082,11105
quote.quote,11105,11206
chapter.sentence,11141,11203,91
chapter.paragraph,11206,11303,20
chapter.sentence,11206,11267,92
quote.quote,11206,11211
quote.nonquote,11211,11230
quote.suspension.short,11211,11230
quote.quote,11230,11305
chapter.sentence,11268,11302,93
chapter.paragraph,11305,11366,21
chapter.sentence,11305,11330,94
quote.quote,11305,11309
quote.nonquote,11309,11331
quote.quote,11331,11368
chapter.sentence,11331,11365,95
quote.quote,11368,11883
chapter.paragraph,11368,11881,22
chapter.sentence,11368,11396,96
chapter.sentence,11397,11497,97
chapter.sentence,11498,11557,98
chapter.sentence,11558,11667,99
chapter.sentence,11668,11752,100
chapter.sentence,11753,11809,101
chapter.sentence,11810,11880,102
quote.nonquote,11883,11978
chapter.paragraph,11883,11976,23
chapter.sentence,11883,11975,103
chapter.paragraph,11978,12029,24
chapter.sentence,11978,12028,104
quote.quote,11978,12005
quote.nonquote,12005,12031
chapter.paragraph,12031,12089,25
chapter.sentence,12031,12088,105
quote.quote,12031,12043
quote.nonquote,12043,12091
chapter.paragraph,12091,12356,26
chapter.sentence,12091,12150,106
quote.quote,12091,12103
quote.nonquote,12103,12119
quote.suspension.short,12103,12119
quote.quote,12119,12358
chapter.sentence,12151,12245,107
chapter.sentence,12246,12288,108
chapter.sentence,12289,12355,109
chapter.paragraph,12358,12586,27
chapter.sentence,12358,12441,110
quote.quote,12358,12391
quote.nonquote,12391,12442
quote.quote,12442,12588
chapter.sentence,12442,12494,111
chapter.sentence,12495,12550,112
chapter.sentence,12551,12585,113
chapter.paragraph,12588,12811,28
quote.nonquote,12588,12675
chapter.sentence,12588,12674,114
chapter.sentence,12675,12724,115
quote.quote,12675,12713
quote.nonquote,12713,12725
quote.quote,12725,12813
chapter.sentence,12725,12757,116
chapter.sentence,12758,12810,117
chapter.paragraph,12813,12885,29
chapter.sentence,12813,12850,118
quote.quote,12813,12831
quote.nonquote,12831,12851
quote.quote,12851,12885
chapter.sentence,12851,12884,119
chapter.title,12889,12917,2
chapter.text,12917,28998,2
quote.nonquote,12917,13890
chapter.paragraph,12919,14865,1
chapter.sentence,12919,13033,1
chapter.sentence,13034,13286,2
chapter.sentence,13287,13400,3
chapter.sentence,13401,13578,4
chapter.sentence,13579,14259,5
quote.quote,13890,13925
quote.nonquote,13925,13960
quote.suspension.long,13925,13960
quote.quote,13960,14045
quote.nonquote,14045,14867
chapter.sentence,14260,14309,6
chapter.sentence,14310,14437,7
chapter.sentence,14438,14562,8
chapter.sentence,14563,14650,9
chapter.sentence,14651,14864,10
chapter.paragraph,14867,14994,2
chapter.sentence,14867,14993,11
quote.quote,14867,14892
quote.nonquote,14892,14950
quote.suspension.long,14892,14950
quote.quote,14950,14996
chapter.paragraph,14996,15274,3
quote.nonquote,14996,15219
chapter.sentence,14996,15218,12
chapter.sentence,15219,15273,13
quote.quote,15219,15255
quote.nonquote,15255,16108
chapter.paragraph,15276,15996,4
chapter.sentence,15276,15449,14
chapter.sentence,15450,15583,15
chapter.sentence,15584,15671,16
chapter.sentence,15672,15784,17
chapter.sentence,15785,15995,18
chapter.paragraph,15998,16106,5
chapter.sentence,15998,16105,19
chapter.paragraph,16108,16203,6
chapter.sentence,16108,16202,20
quote.quote,16108,16126
quote.nonquote,16126,16136
quote.suspension.short,16126,16136
quote.quote,16136,16205
chapter.paragraph,16205,16328,7
chapter.sentence,16205,16260,21
quote.quote,16205,16237
quote.nonquote,16237,16261
quote.quote,16261,16330
chapter.sentence,16261,16283,22
chapter.sentence,16284,16301,23
chapter.sentence,16302,16327,24
chapter.paragraph,16330,16402,8
chapter.sentence,16330,16354,25
quote.quote,16330,16337
quote.nonquote,16337,16355
quote.quote,16355,16404
chapter.sentence,16355,16401,26
chapter.paragraph,16404,16804,9
chapter.sentence,16404,16428,27
quote.quote,16404,16411
quote.nonquote,16411,16429
quote.quote,16429,16715
chapter.sentence,16429,16506,28
chapter.sentence,16507,16686,29
chapter.sentence,16687,16803,30
quote.nonquote,16715,16760
quote.suspension.long,16715,16760
quote.quote,16760,16806
chapter.paragraph,16806,17248,10
quote.nonquote,16806,16877
chapter.sentence,16806,16876,31
chapter.sentence,16877,17037,32
quote.quote,16877,16926
quote.nonquote,16926,17038
quote.quote,17038,17071
chapter.sentence,17038,17070,33
quote.nonquote,17071,17183
chapter.sentence,17071,17182,34
chapter.sentence,17183,17247,35
quote.quote,17183,17235
quote.nonquote,17235,17250
chapter.paragraph,17250,17316,11
chapter.sentence,17250,17274,36
quote.quote,17250,17255
quote.nonquote,17255,17275
quote.quote,17275,17318
chapter.sentence,17275,17299,37
chapter.sentence,17300,17315,38
quote.nonquote,17318,20173
chapter.paragraph,17318,17606,12
chapter.sentence,17318,17502,39
chapter.sentence,17503,17605,40
chapter.paragraph,17608,19841,13
chapter.sentence,17608,17752,41
chapter.sentence,17753,18034,42
chapter.sentence,18035,18296,43
chapter.sentence,18297,18648,44
chapter.sentence,18649,18995,45
chapter.sentence,18996,19314,46
chapter.sentence,19315,19481,47
chapter.sentence,19482,19624,48
chapter.sentence,19625,19840,49
chapter.paragraph,19843,20171,14
chapter.sentence,19843,19930,50
chapter.sentence,19931,20170,51
chapter.paragraph,20173,20233,15
chapter.sentence,20173,20232,52
quote.quote,20173,20191
quote.nonquote,20191,20208
quote.suspension.short,20191,20208
quote.quote,20208,20235
quote.nonquote,20235,21860
chapter.paragraph,20235,21304,16
chapter.sentence,20235,20273,53
chapter.sentence,20274,20439,54
chapter.sentence,20440,20585,55
chapter.sentence,20586,20774,56
chapter.sentence,20775,20880,57
chapter.sentence,20881,21120,58
chapter.sentence,21121,21303,59
chapter.paragraph,21306,21787,17
chapter.sentence,21306,21406,60
chapter.sentence,21407,21503,61
chapter.sentence,21504,21643,62
chapter.sentence,21644,21786,63
chapter.paragraph,21789,21881,18
chapter.sentence,21789,21859,64
quote.quote,21860,21883
chapter.sentence,21860,21880,65
chapter.paragraph,21883,22089,19
quote.nonquote,21883,22052
chapter.sentence,21883,21940,66
chapter.sentence,21941,22051,67
quote.quote,22052,22091
chapter.sentence,22052,22069,68
chapter.sentence,22070,22088,69
chapter.paragraph,22091,22298,20
chapter.sentence,22091,22137,70
quote.quote,22091,22114
quote.nonquote,22114,22138
quote.quote,22138,22300
chapter.sentence,22138,22297,71
chapter.paragraph,22300,22469,21
chapter.sentence,22300,22386,72
quote.quote,22300,22346
quote.nonquote,22346,22434
chapter.sentence,22387,22468,73
quote.quote,22434,22456
quote.nonquote,22456,22471
chapter.paragraph,22471,22533,22
chapter.sentence,22471,22532,74
quote.quote,22471,22484
quote.nonquote,22484,22504
quote.suspension.short,22484,22504
quote.quote,22504,22535
chapter.paragraph,22535,22591,23
chapter.sentence,22535,22570,75
quote.quote,22535,22549
quote.nonquote,22549,22571
quote.quote,22571,22593
chapter.sentence,22571,22590,76
chapter.paragraph,22593,22644,24
chapter.sentence,22593,22643,77
quote.quote,22593,22623
quote.nonquote,22623,22829
chapter.paragraph,22646,22898,25
chapter.sentence,22646,22828,78
chapter.sentence,22829,22877,79
quote.quote,22829,22856
quote.nonquote,22856,22878
quote.quote,22878,22900
chapter.sentence,22878,22897,80
chapter.paragraph,22900,23040,26
chapter.sentence,22900,22997,81
quote.quote,22900,22904
quote.nonquote,22904,22924
quote.suspension.short,22904,22924
quote.quote,22924,22998
quote.nonquote,22998,23042
chapter.sentence,22998,23039,82
chapter.paragraph,23042,23210,27
chapter.sentence,23042,23122,83
quote.quote,23042,23051
quote.nonquote,23051,23074
quote.suspension.short,23051,23074
quote.quote,23074,23123
quote.nonquote,23123,23212
chapter.sentence,23123,23209,84
chapter.paragraph,23212,23262,28
chapter.sentence,23212,23261,85
quote.quote,23212,23220
quote.nonquote,23220,23237
quote.suspension.short,23220,23237
quote.quote,23237,23264
chapter.paragraph,23264,23297,29
chapter.sentence,23264,23296,86
quote.quote,23264,23279
quote.nonquote,23279,23299
quote.quote,23299,23322
chapter.paragraph,23299,23320,30
chapter.sentence,23299,23319,87
chapter.paragraph,23322,23367,31
chapter.sentence,23322,23366,88
quote.quote,23322,23345
quote.nonquote,23345,23369
chapter.paragraph,23369,23439,32
chapter.sentence,23369,23422,89
quote.quote,23369,23384
quote.nonquote,23384,23423
quote.quote,23423,23441
chapter.sentence,23423,23438,90
chapter.paragraph,23441,23482,33
chapter.sentence,23441,23481,91
quote.quote,23441,23462
quote.nonquote,23462,23484
chapter.paragraph,23484,23583,34
chapter.sentence,23484,23543,92
quote.quote,23484,23502
quote.nonquote,23502,23544
quote.quote,23544,23585
chapter.sentence,23544,23582,93
chapter.paragraph,23585,23644,35
chapter.sentence,23585,23643,94
quote.quote,23585,23590
quote.nonquote,23590,23610
quote.suspension.short,23590,23610
quote.quote,23610,23646
quote.nonquote,23646,24559
chapter.paragraph,23646,23799,36
chapter.sentence,23646,23798,95
chapter.paragraph,23801,25040,37
chapter.sentence,23801,23880,96
chapter.sentence,23881,24014,97
chapter.sentence,24015,24103,98
chapter.sentence,24104,24558,99
chapter.sentence,24559,24620,100
quote.quote,24559,24588
quote.nonquote,24588,24621
quote.quote,24621,25042
chapter.sentence,24621,24677,101
chapter.sentence,24678,24719,102
chapter.sentence,24720,24906,103
chapter.sentence,24907,25039,104
quote.nonquote,25042,25618
chapter.paragraph,25042,25616,38
chapter.sentence,25042,25326,105
chapter.sentence,25327,25566,106
chapter.sentence,25567,25615,107
chapter.paragraph,25618,25668,39
chapter.sentence,25618,25667,108
quote.quote,25618,25647
quote.nonquote,25647,25670
chapter.paragraph,25670,26008,40
chapter.sentence,25670,25920,109
quote.quote,25670,25695
quote.nonquote,25695,25921
quote.quote,25921,26010
chapter.sentence,25921,26007,110
chapter.paragraph,26010,26687,41
chapter.sentence,26010,26093,111
quote.quote,26010,26026
quote.nonquote,26026,26689
chapter.sentence,26094,26260,112
chapter.sentence,26261,26584,113
chapter.sentence,26585,26686,114
chapter.paragraph,26689,26808,42
chapter.sentence,26689,26760,115
quote.quote,26689,26749
quote.nonquote,26749,26761
quote.quote,26761,26810
chapter.sentence,26761,26807,116
chapter.paragraph,26810,26887,43
chapter.sentence,26810,26864,117
quote.quote,26810,26841
quote.nonquote,26841,26865
quote.quote,26865,26889
chapter.sentence,26865,26886,118
chapter.paragraph,26889,26995,44
chapter.sentence,26889,26994,119
quote.quote,26889,26964
quote.nonquote,26964,26997
chapter.paragraph,26997,27069,45
chapter.sentence,26997,27034,120
quote.quote,26997,27020
quote.nonquote,27020,27035
quote.quote,27035,27071
chapter.sentence,27035,27068,121
chapter.paragraph,27071,27125,46
chapter.sentence,27071,27124,122
quote.quote,27071,27106
quote.nonquote,27106,27127
chapter.paragraph,27127,27293,47
quote.quote,27127,27164
chapter.sentence,27127,27144,123
chapter.sentence,27145,27186,124
quote.nonquote,27164,27187
quote.quote,27187,27295
chapter.sentence,27187,27292,125
quote.quote,27295,27324
chapter.paragraph,27295,27322,48
chapter.sentence,27295,27321,126
chapter.paragraph,27324,28998,49
quote.quote,27324,27352
chapter.sentence,27324,27351,127
quote.nonquote,27352,27409
chapter.sentence,27352,27408,128
chapter.sentence,27409,27484,129
quote.quote,27409,27427
quote.nonquote,27427,27440
quote.suspension.short,27427,27440
quote.quote,27440,27791
chapter.sentence,27485,27603,130
chapter.sentence,27604,27790,131
quote.nonquote,27791,28338
chapter.sentence,27791,27983,132
chapter.sentence,27984,28263,133
chapter.sentence,28264,28337,134
chapter.sentence,28338,28525,135
quote.quote,28338,28375
quote.nonquote,28375,28388
quote.suspension.short,28375,28388
quote.quote,28388,28850
chapter.sentence,28526,28561,136
chapter.sentence,28562,28675,137
chapter.sentence,28676,28784,138
chapter.sentence,28785,28892,139
quote.nonquote,28850,28861
quote.suspension.short,28850,28861
quote.quote,28861,28893
quote.nonquote,28893,28998
chapter.sentence,28893,28997,140
chapter.title,29002,29039,3
chapter.text,29039,33297,3
quote.nonquote,29039,30041
chapter.paragraph,29041,30137,1
chapter.sentence,29041,29308,1
chapter.sentence,29309,29389,2
chapter.sentence,29390,29434,3
chapter.sentence,29435,29724,4
chapter.sentence,29725,30040,5
chapter.sentence,30041,30105,6
quote.quote,30041,30085
quote.nonquote,30085,30106
quote.quote,30106,30139
chapter.sentence,30106,30136,7
chapter.paragraph,30139,30689,2
quote.nonquote,30139,30245
chapter.sentence,30139,30244,8
chapter.sentence,30245,30312,9
quote.quote,30245,30262
quote.nonquote,30262,30272
quote.suspension.short,30262,30272
quote.quote,30272,30691
chapter.sentence,30313,30457,10
chapter.sentence,30458,30633,11
chapter.sentence,30634,30688,12
chapter.paragraph,30691,30785,3
chapter.sentence,30691,30784,13
quote.quote,30691,30723
quote.nonquote,30723,30787
chapter.paragraph,30787,30885,4
quote.quote,30787,30824
chapter.sentence,30787,30796,14
chapter.sentence,30797,30861,15
quote.nonquote,30824,30862
quote.quote,30862,30887
chapter.sentence,30862,30884,16
chapter.paragraph,30887,30986,5
chapter.sentence,30887,30937,17
quote.quote,30887,30913
quote.nonquote,30913,30938
quote.quote,30938,30988
chapter.sentence,30938,30985,18
chapter.paragraph,30988,31188,6
quote.nonquote,30988,31097
chapter.sentence,30988,31096,19
chapter.sentence,31097,31135,20
quote.quote,31097,31124
quote.nonquote,31124,31136
quote.quote,31136,31190
chapter.sentence,31136,31187,21
chapter.paragraph,31190,31236,7
chapter.sentence,31190,31235,22
quote.quote,31190,31218
quote.nonquote,31218,31238
chapter.paragraph,31238,31506,8
quote.quote,31238,31295
chapter.sentence,31238,31261,23
chapter.sentence,31262,31356,24
quote.nonquote,31295,31357
quote.quote,31357,31508
chapter.sentence,31357,31443,25
chapter.sentence,31444,31505,26
chapter.paragraph,31508,31662,9
chapter.sentence,31508,31546,27
quote.quote,31508,31515
quote.nonquote,31515,31531
quote.suspension.short,31515,31531
quote.quote,31531,31664
chapter.sentence,31547,31572,28
chapter.sentence,31573,31661,29
chapter.paragraph,31664,32296,10
chapter.sentence,31664,31799,30
quote.quote,31664,31681
quote.nonquote,31681,31699
quote.suspension.short,31681,31699
quote.quote,31699,32298
chapter.sentence,31800,32084,31
chapter.sentence,32085,32295,32
quote.nonquote,32298,32350
chapter.paragraph,32298,32348,11
chapter.sentence,32298,32347,33
chapter.paragraph,32350,32431,12
chapter.sentence,32350,32430,34
quote.quote,32350,32390
quote.nonquote,32390,32433
chapter.paragraph,32433,32993,13
chapter.sentence,32433,32591,35
quote.quote,32433,32514
quote.nonquote,32514,32537
quote.suspension.short,32514,32537
quote.quote,32537,32995
chapter.sentence,32592,32641,36
chapter.sentence,32642,32706,37
chapter.sentence,32707,32896,38
chapter.sentence,32897,32992,39
chapter.paragraph,32995,33058,14
chapter.sentence,32995,33057,40
quote.quote,32995,33038
quote.nonquote,33038,33060
chapter.paragraph,33060,33226,15
chapter.sentence,33060,33225,41
quote.quote,33060,33077
quote.nonquote,33077,33132
quote.suspension.long,33077,33132
quote.quote,33132,33228
chapter.paragraph,33228,33297,16
quote.nonquote,33228,33267
chapter.sentence,33228,33266,42
chapter.sentence,33267,33296,43
quote.quote,33267,33272
quote.nonquote,33272,33282
quote.suspension.short,33272,33282
quote.quote,33282,33297
chapter.title,33301,33331,4
chapter.text,33331,42490,4
quote.nonquote,33331,36685
chapter.paragraph,33333,35818,1
chapter.sentence,33333,33507,1
chapter.sentence,33508,33543,2
chapter.sentence,33544,33646,3
chapter.sentence,33647,33833,4
chapter.sentence,33834,33976,5
chapter.sentence,33977,34141,6
chapter.sentence,34142,34360,7
chapter.sentence,34361,34516,8
chapter.sentence,34517,34901,9
chapter.sentence,34902,35078,10
chapter.sentence,35079,35224,11
chapter.sentence,35225,35393,12
chapter.sentence,35394,35563,13
chapter.sentence,35564,35757,14
chapter.sentence,35758,35817,15
chapter.paragraph,35820,36514,2
chapter.sentence,35820,35890,16
chapter.sentence,35891,35994,17
chapter.sentence,35995,36296,18
chapter.sentence,36297,36513,19
chapter.paragraph,36516,36994,3
chapter.sentence,36516,36684,20
chapter.sentence,36685,36769,21
quote.quote,36685,36731
quote.nonquote,36731,36741
quote.suspension.short,36731,36741
quote.quote,36741,36812
chapter.sentence,36770,36811,22
quote.nonquote,36812,36996
chapter.sentence,36812,36948,23
chapter.sentence,36949,36993,24
chapter.paragraph,36996,37081,4
chapter.sentence,36996,37029,25
quote.quote,36996,37000
quote.nonquote,37000,37010
quote.suspension.short,37000,37010
quote.quote,37010,37083
chapter.sentence,37030,37080,26
chapter.paragraph,37083,37370,5
chapter.sentence,37083,37140,27
quote.quote,37083,37097
quote.nonquote,37097,37121
quote.suspension.short,37097,37121
quote.quote,37121,37141
quote.nonquote,37141,37208
chapter.sentence,37141,37207,28
chapter.sentence,37208,37250,29
quote.quote,37208,37239
quote.nonquote,37239,37251
quote.quote,37251,37293
chapter.sentence,37251,37292,30
quote.nonquote,37293,37615
chapter.sentence,37293,37369,31
chapter.paragraph,37372,37613,6
chapter.sentence,37372,37612,32
chapter.paragraph,37615,37674,7
chapter.sentence,37615,37673,33
quote.quote,37615,37658
quote.nonquote,37658,37676
chapter.paragraph,37676,37776,8
chapter.sentence,37676,37775,34
quote.quote,37676,37755
quote.nonquote,37755,37828
chapter.paragraph,37778,37916,9
chapter.sentence,37778,37915,35
quote.quote,37828,37865
quote.nonquote,37865,37875
quote.suspension.short,37865,37875
quote.quote,37875,37918
quote.nonquote,37918,40125
chapter.paragraph,37918,39085,10
chapter.sentence,37918,37997,36
chapter.sentence,37998,38536,37
chapter.sentence,38537,38847,38
chapter.sentence,38848,39084,39
chapter.paragraph,39087,39670,11
chapter.sentence,39087,39564,40
chapter.sentence,39565,39669,41
chapter.paragraph,39672,40123,12
chapter.sentence,39672,39732,42
chapter.sentence,39733,39809,43
chapter.sentence,39810,40122,44
chapter.paragraph,40125,40343,13
chapter.sentence,40125,40295,45
quote.quote,40125,40167
quote.nonquote,40167,40240
quote.suspension.long,40167,40240
quote.quote,40240,40283
quote.nonquote,40283,40296
quote.quote,40296,40345
chapter.sentence,40296,40342,46
chapter.paragraph,40345,40453,14
quote.nonquote,40345,40399
chapter.sentence,40345,40398,47
chapter.sentence,40399,40433,48
quote.quote,40399,40402
quote.nonquote,40402,40413
quote.suspension.short,40402,40413
quote.quote,40413,40455
chapter.sentence,40434,40452,49
chapter.paragraph,40455,40647,15
quote.nonquote,40455,40505
chapter.sentence,40455,40504,50
chapter.sentence,40505,40567,51
quote.quote,40505,40544
quote.nonquote,40544,40568
quote.quote,40568,40649
chapter.sentence,40568,40646,52
quote.nonquote,40649,41750
chapter.paragraph,40649,41748,16
chapter.sentence,40649,40831,53
chapter.sentence,40832,41083,54
chapter.sentence,41084,41362,55
chapter.sentence,41363,41618,56
chapter.sentence,41619,41747,57
chapter.paragraph,41750,42042,17
chapter.sentence,41750,41802,58
quote.quote,41750,41778
quote.nonquote,41778,41803
quote.quote,41803,42044
chapter.sentence,41803,41826,59
chapter.sentence,41827,41931,60
chapter.sentence,41932,41961,61
chapter.sentence,41962,42041,62
chapter.paragraph,42044,42490,18
quote.nonquote,42044,42490
chapter.sentence,42044,42346,63
chapter.sentence,42347,42489,64
chapter.title,42494,42525,5
chapter.text,42525,51476,5
quote.nonquote,42525,44151
chapter.paragraph,42527,44149,1
chapter.sentence,42527,42827,1
chapter.sentence,42828,43027,2
chapter.sentence,43028,43488,3
chapter.sentence,43489,43648,4
chapter.sentence,43649,43847,5
chapter.sentence,43848,44045,6
chapter.sentence,44046,44148,7
chapter.paragraph,44151,44240,2
chapter.sentence,44151,44239,8
quote.quote,44151,44159
quote.nonquote,44159,44211
quote.suspension.long,44159,44211
quote.quote,44211,44242
chapter.paragraph,44242,44344,3
quote.nonquote,44242,44264
chapter.sentence,44242,44263,9
chapter.sentence,44264,44309,10
quote.quote,44264,44298
quote.nonquote,44298,44310
quote.quote,44310,44346
chapter.sentence,44310,44343,11
chapter.paragraph,44346,44500,4
chapter.sentence,44346,44374,12
quote.quote,44346,44355
quote.nonquote,44355,44375
quote.quote,44375,44502
chapter.sentence,44375,44448,13
chapter.sentence,44449,44499,14
chapter.paragraph,44502,44828,5
chapter.sentence,44502,44599,15
quote.quote,44502,44527
quote.nonquote,44527,44546
quote.suspension.short,44527,44546
quote.quote,44546,44830
chapter.sentence,44600,44662,16
chapter.sentence,44663,44683,17
chapter.sentence,44684,44827,18
chapter.paragraph,44830,45039,6
quote.nonquote,44830,44906
chapter.sentence,44830,44905,19
chapter.sentence,44906,44990,20
quote.quote,44906,44934
quote.nonquote,44934,44944
quote.suspension.short,44934,44944
quote.quote,44944,45041
chapter.sentence,44991,45038,21
chapter.paragraph,45041,45410,7
chapter.sentence,45041,45146,22
quote.quote,45041,45064
quote.nonquote,45064,45081
quote.suspension.short,45064,45081
quote.quote,45081,45412
chapter.sentence,45147,45197,23
chapter.sentence,45198,45290,24
chapter.sentence,45291,45409,25
chapter.paragraph,45412,45490,8
chapter.sentence,45412,45489,26
quote.quote,45412,45469
quote.nonquote,45469,45492
chapter.paragraph,45492,45673,9
chapter.sentence,45492,45513,27
quote.quote,45492,45495
quote.nonquote,45495,45514
quote.quote,45514,45675
chapter.sentence,45514,45587,28
chapter.sentence,45588,45672,29
chapter.paragraph,45675,45824,10
quote.nonquote,45675,45773
chapter.sentence,45675,45772,30
chapter.sentence,45773,45823,31
quote.quote,45773,45778
quote.nonquote,45778,45797
quote.suspension.short,45778,45797
quote.quote,45797,45826
quote.nonquote,45826,46311
chapter.paragraph,45826,46309,11
chapter.sentence,45826,46148,32
chapter.sentence,46149,46308,33
chapter.paragraph,46311,46346,12
chapter.sentence,46311,46345,34
quote.quote,46311,46333
quote.nonquote,46333,46348
chapter.paragraph,46348,46465,13
chapter.sentence,46348,46414,35
quote.quote,46348,46360
quote.nonquote,46360,46377
quote.suspension.short,46360,46377
quote.quote,46377,46467
chapter.sentence,46415,46439,36
chapter.sentence,46440,46464,37
chapter.paragraph,46467,46522,14
chapter.sentence,46467,46521,38
quote.quote,46467,46503
quote.nonquote,46503,46524
chapter.paragraph,46524,46614,15
chapter.sentence,46524,46577,39
quote.quote,46524,46560
quote.nonquote,46560,46578
quote.quote,46578,46616
chapter.sentence,46578,46613,40
chapter.paragraph,46616,46762,16
chapter.sentence,46616,46662,41
quote.quote,46616,46639
quote.nonquote,46639,46663
quote.quote,46663,46764
chapter.sentence,46663,46761,42
quote.nonquote,46764,46854
chapter.paragraph,46764,46852,17
chapter.sentence,46764,46851,43
chapter.paragraph,46854,46936,18
chapter.sentence,46854,46881,44
quote.quote,46854,46864
quote.nonquote,46864,46882
quote.quote,46882,46938
chapter.sentence,46882,46906,45
chapter.sentence,46907,46935,46
chapter.paragraph,46938,47133,19
chapter.sentence,46938,47013,47
quote.quote,46938,46981
quote.nonquote,46981,47014
quote.quote,47014,47080
chapter.sentence,47014,47079,48
quote.nonquote,47080,47204
chapter.sentence,47080,47132,49
chapter.paragraph,47135,47390,20
chapter.sentence,47135,47203,50
chapter.sentence,47204,47293,51
quote.quote,47204,47214
quote.nonquote,47214,47224
quote.suspension.short,47214,47224
quote.quote,47224,47294
chapter.sentence,47294,47389,52
quote.nonquote,47294,47348
quote.quote,47348,47377
quote.nonquote,47377,47716
chapter.paragraph,47392,48161,21
chapter.sentence,47392,47446,53
chapter.sentence,47447,47639,54
chapter.sentence,47640,47715,55
quote.quote,47716,47763
chapter.sentence,47716,47733,56
chapter.sentence,47734,47762,57
quote.nonquote,47763,49711
chapter.sentence,47763,47942,58
chapter.sentence,47943,48080,59
chapter.sentence,48081,48160,60
chapter.paragraph,48163,49709,22
chapter.sentence,48163,48428,61
chapter.sentence,48429,48702,62
chapter.sentence,48703,48739,63
chapter.sentence,48740,48996,64
chapter.sentence,48997,49026,65
chapter.sentence,49027,49152,66
chapter.sentence,49153,49533,67
chapter.sentence,49534,49708,68
chapter.paragraph,49711,49764,23
chapter.sentence,49711,49763,69
quote.quote,49711,49752
quote.nonquote,49752,49766
chapter.paragraph,49766,49881,24
quote.quote,49766,49831
chapter.sentence,49766,49784,70
chapter.sentence,49785,49849,71
quote.nonquote,49831,49850
quote.quote,49850,49883
chapter.sentence,49850,49880,72
chapter.paragraph,49883,50149,25
chapter.sentence,49883,49944,73
quote.quote,49883,49924
quote.nonquote,49924,49945
quote.quote,49945,50151
chapter.sentence,49945,50088,74
chapter.sentence,50089,50148,75
chapter.paragraph,50151,50283,26
quote.nonquote,50151,50229
chapter.sentence,50151,50228,76
chapter.sentence,50229,50248,77
quote.quote,50229,50237
quote.nonquote,50237,50249
quote.quote,50249,50285
chapter.sentence,50249,50282,78
chapter.paragraph,50285,50344,27
chapter.sentence,50285,50343,79
quote.quote,50285,50323
quote.nonquote,50323,50391
chapter.paragraph,50346,50389,28
chapter.sentence,50346,50388,80
chapter.paragraph,50391,50507,29
chapter.sentence,50391,50442,81
quote.quote,50391,50420
quote.nonquote,50420,50443
quote.quote,50443,50509
chapter.sentence,50443,50473,82
chapter.sentence,50474,50506,83
quote.quote,50509,50571
chapter.paragraph,50509,50569,30
chapter.sentence,50509,50539,84
chapter.sentence,50540,50544,85
chapter.sentence,50545,50568,86
chapter.paragraph,50571,50784,31
quote.nonquote,50571,50696
chapter.sentence,50571,50583,87
chapter.sentence,50584,50695,88
chapter.sentence,50696,50783,89
quote.quote,50696,50711
quote.nonquote,50711,50745
quote.suspension.long,50711,50745
quote.quote,50745,50786
chapter.paragraph,50786,50912,32
quote.nonquote,50786,50855
chapter.sentence,50786,50854,90
chapter.sentence,50855,50911,91
quote.quote,50855,50887
quote.nonquote,50887,50914
chapter.paragraph,50914,51057,33
chapter.sentence,50914,51056,92
quote.quote,50914,50924
quote.nonquote,50924,50945
quote.suspension.short,50924,50945
quote.quote,50945,51059
chapter.paragraph,51059,51091,34
chapter.sentence,51059,51090,93
quote.quote,51059,51073
quote.nonquote,51073,51093
chapter.paragraph,51093,51145,35
chapter.sentence,51093,51144,94
quote.quote,51093,51126
quote.nonquote,51126,51147
chapter.paragraph,51147,51207,36
chapter.sentence,51147,51206,95
quote.quote,51147,51187
quote.nonquote,51187,51209
chapter.paragraph,51209,51252,37
chapter.sentence,51209,51235,96
quote.quote,51209,51217
quote.nonquote,51217,51236
quote.quote,51236,51254
chapter.sentence,51236,51251,97
chapter.paragraph,51254,51476,38
quote.nonquote,51254,51382
chapter.sentence,51254,51381,98
chapter.sentence,51382,51401,99
quote.quote,51382,51387
quote.nonquote,51387,51402
quote.quote,51402,51439
chapter.sentence,51402,51438,100
quote.nonquote,51439,51476
chapter.sentence,51439,51475,101
chapter.title,51480,51522,6
chapter.text,51522,59535,6
quote.nonquote,51522,53144
chapter.paragraph,51524,52851,1
chapter.sentence,51524,51732,1
chapter.sentence,51733,52012,2
chapter.sentence,52013,52246,3
chapter.sentence,52247,52353,4
chapter.sentence,52354,52435,5
chapter.sentence,52436,52655,6
chapter.sentence,52656,52850,7
chapter.paragraph,52853,53506,2
chapter.sentence,52853,53069,8
chapter.sentence,53070,53143,9
chapter.sentence,53144,53213,10
quote.quote,53144,53181
quote.nonquote,53181,53194
quote.suspension.short,53181,53194
quote.quote,53194,53214
quote.nonquote,53214,54112
chapter.sentence,53214,53406,11
chapter.sentence,53407,53505,12
chapter.paragraph,53508,54375,3
chapter.sentence,53508,53652,13
chapter.sentence,53653,53708,14
chapter.sentence,53709,54005,15
chapter.sentence,54006,54111,16
chapter.sentence,54112,54250,17
quote.quote,54112,54116
quote.nonquote,54116,54129
quote.suspension.short,54116,54129
quote.quote,54129,54251
quote.nonquote,54251,54377
chapter.sentence,54251,54374,18
chapter.paragraph,54377,54605,4
chapter.sentence,54377,54435,19
quote.quote,54377,54396
quote.nonquote,54396,54406
quote.suspension.short,54396,54406
quote.quote,54406,54607
chapter.sentence,54436,54462,20
chapter.sentence,54463,54533,21
chapter.sentence,54534,54604,22
chapter.paragraph,54607,54669,5
chapter.sentence,54607,54647,23
quote.quote,54607,54626
quote.nonquote,54626,54648
quote.quote,54648,54671
chapter.sentence,54648,54668,24
chapter.paragraph,54671,54925,6
quote.nonquote,54671,54731
chapter.sentence,54671,54730,25
chapter.sentence,54731,54812,26
quote.quote,54731,54775
quote.nonquote,54775,54813
quote.quote,54813,54927
chapter.sentence,54813,54924,27
chapter.paragraph,54927,55105,7
chapter.sentence,54927,55029,28
quote.quote,54927,54935
quote.nonquote,54935,54992
quote.suspension.long,54935,54992
quote.quote,54992,55014
quote.nonquote,55014,55030
quote.quote,55030,55107
chapter.sentence,55030,55104,29
chapter.paragraph,55107,55162,8
chapter.sentence,55107,55161,30
quote.quote,55107,55127
quote.nonquote,55127,55145
quote.suspension.short,55127,55145
quote.quote,55145,55164
chapter.paragraph,55164,55203,9
chapter.sentence,55164,55202,31
quote.quote,55164,55183
quote.nonquote,55183,55205
chapter.paragraph,55205,55569,10
chapter.sentence,55205,55249,32
quote.quote,55205,55232
quote.nonquote,55232,55250
quote.quote,55250,55571
chapter.sentence,55250,55346,33
chapter.sentence,55347,55365,34
chapter.sentence,55366,55568,35
chapter.paragraph,55571,56963,11
quote.nonquote,55571,55892
chapter.sentence,55571,55852,36
chapter.sentence,55853,55891,37
chapter.sentence,55892,55985,38
quote.quote,55892,55922
quote.nonquote,55922,55937
quote.suspension.short,55922,55937
quote.quote,55937,56516
chapter.sentence,55986,56144,39
chapter.sentence,56145,56186,40
chapter.sentence,56187,56257,41
chapter.sentence,56258,56321,42
chapter.sentence,56322,56515,43
quote.nonquote,56516,57338
chapter.sentence,56516,56825,44
chapter.sentence,56826,56962,45
chapter.paragraph,56965,58515,12
chapter.sentence,56965,57062,46
chapter.sentence,57063,57337,47
quote.quote,57338,57438
chapter.sentence,57338,57370,48
chapter.sentence,57371,57524,49
quote.nonquote,57438,57525
chapter.sentence,57525,57571,50
quote.quote,57525,57557
quote.nonquote,57557,57572
quote.quote,57572,57611
chapter.sentence,57572,57610,51
quote.nonquote,57611,57760
chapter.sentence,57611,57678,52
chapter.sentence,57679,57832,53
quote.quote,57760,57833
quote.nonquote,57833,59535
chapter.sentence,57833,57867,54
chapter.sentence,57868,58055,55
chapter.sentence,58056,58199,56
chapter.sentence,58200,58251,57
chapter.sentence,58252,58514,58
chapter.paragraph,58517,59535,13
chapter.sentence,58517,58702,59
chapter.sentence,58703,58774,60
chapter.sentence,58775,59096,61
chapter.sentence,59097,59153,62
chapter.sentence,59154,59399,63
chapter.sentence,59400,59534,64
chapter.title,59539,59570,7
chapter.text,59570,62527,7
quote.nonquote,59570,59781
chapter.paragraph,59572,59779,1
chapter.sentence,59572,59778,1
chapter.paragraph,59781,59875,2
chapter.sentence,59781,59836,2
quote.quote,59781,59786
quote.nonquote,59786,59801
quote.suspension.short,59786,59801
quote.quote,59801,59877
chapter.sentence,59837,59874,3
chapter.paragraph,59877,59987,3
chapter.sentence,59877,59905,4
quote.quote,59877,59888
quote.nonquote,59888,59906
quote.quote,59906,59989
chapter.sentence,59906,59986,5
chapter.paragraph,59989,60237,4
chapter.sentence,59989,60059,6
quote.quote,59989,60039
quote.nonquote,60039,60060
quote.quote,60060,60239
chapter.sentence,60060,60168,7
chapter.sentence,60169,60236,8
chapter.paragraph,60239,60495,5
chapter.sentence,60239,60285,9
quote.quote,60239,60268
quote.nonquote,60268,60286
quote.quote,60286,60497
chapter.sentence,60286,60364,10
chapter.sentence,60365,60494,11
quote.nonquote,60497,60831
chapter.paragraph,60497,60829,6
chapter.sentence,60497,60637,12
chapter.sentence,60638,60828,13
chapter.paragraph,60831,60883,7
quote.quote,60831,60844
chapter.sentence,60831,60837,14
chapter.sentence,60838,60856,15
quote.nonquote,60844,60857
quote.quote,60857,60885
chapter.sentence,60857,60882,16
chapter.paragraph,60885,60988,8
chapter.sentence,60885,60952,17
quote.quote,60885,60909
quote.nonquote,60909,60940
quote.suspension.short,60909,60940
quote.quote,60940,60990
chapter.sentence,60953,60987,18
chapter.paragraph,60990,61211,9
chapter.sentence,60990,61035,19
quote.quote,60990,61016
quote.nonquote,61016,61036
quote.quote,61036,61213
chapter.sentence,61036,61108,20
chapter.sentence,61109,61154,21
chapter.sentence,61155,61210,22
chapter.paragraph,61213,61485,10
chapter.sentence,61213,61251,23
quote.quote,61213,61231
quote.nonquote,61231,61252
quote.quote,61252,61487
chapter.sentence,61252,61332,24
chapter.sentence,61333,61484,25
chapter.paragraph,61487,61618,11
chapter.sentence,61487,61617,26
quote.quote,61487,61496
quote.nonquote,61496,61530
quote.suspension.short,61496,61530
quote.quote,61530,61620
chapter.paragraph,61620,62382,12
chapter.sentence,61620,61708,27
quote.quote,61620,61672
quote.nonquote,61672,62384
chapter.sentence,61709,61905,28
chapter.sentence,61906,62067,29
chapter.sentence,62068,62311,30
chapter.sentence,62312,62381,31
chapter.paragraph,62384,62437,13
chapter.sentence,62384,62436,32
quote.quote,62384,62415
quote.nonquote,62415,62527
chapter.paragraph,62439,62527,14
chapter.sentence,62439,62526,33
chapter.title,62531,62554,8
chapter.text,62554,86261,8
quote.nonquote,62554,62678
chapter.paragraph,62556,62676,1
chapter.sentence,62556,62559,1
chapter.sentence,62560,62675,2
chapter.paragraph,62678,62815,2
chapter.sentence,62678,62814,3
quote.quote,62678,62716
quote.nonquote,62716,62765
quote.suspension.long,62716,62765
quote.quote,62765,62781
quote.nonquote,62781,62792
quote.suspension.short,62781,62792
quote.quote,62792,62817
chapter.paragraph,62817,62875,3
chapter.sentence,62817,62874,4
quote.quote,62817,62830
quote.nonquote,62830,62845
quote.suspension.short,62830,62845
quote.quote,62845,62877
chapter.paragraph,62877,63004,4
chapter.sentence,62877,62945,5
quote.quote,62877,62926
quote.nonquote,62926,62946
quote.quote,62946,63006
chapter.sentence,62946,63003,6
chapter.paragraph,63006,63216,5
chapter.sentence,63006,63085,7
quote.quote,63006,63038
quote.nonquote,63038,63054
quote.suspension.short,63038,63054
quote.quote,63054,63218
chapter.sentence,63086,63183,8
chapter.sentence,63184,63215,9
chapter.paragraph,63218,63294,6
chapter.sentence,63218,63268,10
quote.quote,63218,63235
quote.nonquote,63235,63253
quote.suspension.short,63235,63253
quote.quote,63253,63296
chapter.sentence,63269,63293,11
chapter.paragraph,63296,63414,7
chapter.sentence,63296,63413,12
quote.quote,63296,63330
quote.nonquote,63330,63383
quote.suspension.long,63330,63383
quote.quote,63383,63416
chapter.paragraph,63416,63762,8
quote.nonquote,63416,63724
chapter.sentence,63416,63613,13
chapter.sentence,63614,63723,14
chapter.sentence,63724,63761,15
quote.quote,63724,63746
quote.nonquote,63746,63764
chapter.paragraph,63764,63900,9
chapter.sentence,63764,63871,16
quote.quote,63764,63769
quote.nonquote,63769,63787
quote.suspension.short,63769,63787
quote.quote,63787,63902
chapter.sentence,63872,63899,17
chapter.paragraph,63902,63958,10
chapter.sentence,63902,63957,18
quote.quote,63902,63933
quote.nonquote,63933,63960
chapter.paragraph,63960,64108,11
chapter.sentence,63960,64065,19
quote.quote,63960,63970
quote.nonquote,63970,64066
quote.quote,64066,64110
chapter.sentence,64066,64082,20
chapter.sentence,64083,64107,21
chapter.paragraph,64110,64204,12
chapter.sentence,64110,64203,22
quote.quote,64110,64129
quote.nonquote,64129,64146
quote.suspension.short,64129,64146
quote.quote,64146,64206
quote.nonquote,64206,65647
chapter.paragraph,64206,64461,13
chapter.sentence,64206,64460,23
chapter.paragraph,64463,65645,14
chapter.sentence,64463,64642,24
chapter.sentence,64643,64712,25
chapter.sentence,64713,64863,26
chapter.sentence,64864,65092,27
chapter.sentence,65093,65232,28
chapter.sentence,65233,65435,29
chapter.sentence,65436,65644,30
chapter.paragraph,65647,65722,15
chapter.sentence,65647,65721,31
quote.quote,65647,65657
quote.nonquote,65657,65667
quote.suspension.short,65657,65667
quote.quote,65667,65724
chapter.paragraph,65724,65756,16
chapter.sentence,65724,65755,32
quote.quote,65724,65736
quote.nonquote,65736,65877
chapter.paragraph,65758,65901,17
chapter.sentence,65758,65900,33
quote.quote,65877,65903
chapter.paragraph,65903,66320,18
chapter.sentence,65903,65932,34
quote.quote,65903,65918
quote.nonquote,65918,65933
quote.quote,65933,65950
chapter.sentence,65933,65949,35
quote.nonquote,65950,66243
chapter.sentence,65950,66140,36
chapter.sentence,66141,66319,37
quote.quote,66243,66274
quote.nonquote,66274,66322
chapter.paragraph,66322,66453,19
quote.quote,66322,66351
chapter.sentence,66322,66334,38
chapter.sentence,66335,66380,39
quote.nonquote,66351,66381
quote.quote,66381,66455
chapter.sentence,66381,66452,40
chapter.paragraph,66455,66489,20
chapter.sentence,66455,66488,41
quote.quote,66455,66474
quote.nonquote,66474,66591
chapter.paragraph,66491,66589,21
chapter.sentence,66491,66588,42
chapter.paragraph,66591,67071,22
quote.quote,66591,66611
chapter.sentence,66591,66610,43
quote.nonquote,66611,66866
chapter.sentence,66611,66865,44
chapter.sentence,66866,66987,45
quote.quote,66866,66874
quote.nonquote,66874,66923
quote.suspension.long,66874,66923
quote.quote,66923,66988
quote.nonquote,66988,67073
chapter.sentence,66988,67070,46
chapter.paragraph,67073,67249,23
chapter.sentence,67073,67125,47
quote.quote,67073,67082
quote.nonquote,67082,67092
quote.suspension.short,67082,67092
quote.quote,67092,67251
chapter.sentence,67126,67179,48
chapter.sentence,67180,67248,49
quote.nonquote,67251,67799
chapter.paragraph,67251,67797,24
chapter.sentence,67251,67543,50
chapter.sentence,67544,67796,51
chapter.paragraph,67799,67927,25
chapter.sentence,67799,67926,52
quote.quote,67799,67836
quote.nonquote,67836,67959
chapter.paragraph,67929,68015,26
chapter.sentence,67929,67958,53
chapter.sentence,67959,68014,54
quote.quote,67959,67989
quote.nonquote,67989,68017
chapter.paragraph,68017,68260,27
chapter.sentence,68017,68259,55
quote.quote,68017,68032
quote.nonquote,68032,68262
chapter.paragraph,68262,68342,28
chapter.sentence,68262,68341,56
quote.quote,68262,68266
quote.nonquote,68266,68310
quote.suspension.long,68266,68310
quote.quote,68310,68344
chapter.paragraph,68344,68426,29
chapter.sentence,68344,68425,57
quote.quote,68344,68366
quote.nonquote,68366,68428
chapter.paragraph,68428,68786,30
quote.quote,68428,68459
chapter.sentence,68428,68437,58
chapter.sentence,68438,68478,59
quote.nonquote,68459,68479
quote.quote,68479,68788
chapter.sentence,68479,68557,60
chapter.sentence,68558,68785,61
chapter.paragraph,68788,69085,31
chapter.sentence,68788,68899,62
quote.quote,68788,68859
quote.nonquote,68859,68900
quote.quote,68900,69087
chapter.sentence,68900,69023,63
chapter.sentence,69024,69084,64
chapter.paragraph,69087,69997,32
chapter.sentence,69087,69171,65
quote.quote,69087,69157
quote.nonquote,69157,69172
quote.quote,69172,69999
chapter.sentence,69172,69352,66
chapter.sentence,69353,69468,67
chapter.sentence,69469,69619,68
chapter.sentence,69620,69789,69
chapter.sentence,69790,69944,70
chapter.sentence,69945,69996,71
chapter.paragraph,69999,70051,33
chapter.sentence,69999,70050,72
quote.quote,69999,70028
quote.nonquote,70028,70201
chapter.paragraph,70053,70831,34
chapter.sentence,70053,70177,73
chapter.sentence,70178,70200,74
quote.quote,70201,70644
chapter.sentence,70201,70248,75
chapter.sentence,70249,70253,76
chapter.sentence,70254,70345,77
chapter.sentence,70346,70420,78
chapter.sentence,70421,70553,79
chapter.sentence,70554,70582,80
chapter.sentence,70583,70643,81
quote.nonquote,70644,70772
chapter.sentence,70644,70771,82
chapter.sentence,70772,70830,83
quote.quote,70772,70787
quote.nonquote,70787,70802
quote.suspension.short,70787,70802
quote.quote,70802,70833
chapter.paragraph,70833,70931,35
chapter.sentence,70833,70930,84
quote.quote,70833,70856
quote.nonquote,70856,70894
quote.suspension.long,70856,70894
quote.quote,70894,70933
chapter.paragraph,70933,71035,36
chapter.sentence,70933,71034,85
quote.quote,70933,71016
quote.nonquote,71016,71037
chapter.paragraph,71037,71114,37
chapter.sentence,71037,71113,86
quote.quote,71037,71091
quote.nonquote,71091,71116
chapter.paragraph,71116,71270,38
chapter.sentence,71116,71252,87
quote.quote,71116,71144
quote.nonquote,71144,71208
quote.suspension.long,71144,71208
quote.quote,71208,71241
quote.nonquote,71241,71253
quote.quote,71253,71272
chapter.sentence,71253,71269,88
chapter.paragraph,71272,71315,39
chapter.sentence,71272,71306,89
quote.quote,71272,71281
quote.nonquote,71281,71307
quote.quote,71307,71317
chapter.sentence,71307,71314,90
chapter.paragraph,71317,71980,40
chapter.sentence,71317,71341,91
quote.quote,71317,71327
quote.nonquote,71327,71342
quote.quote,71342,71925
chapter.sentence,71342,71359,92
chapter.sentence,71360,71409,93
chapter.sentence,71410,71579,94
chapter.sentence,71580,71668,95
chapter.sentence,71669,71755,96
chapter.sentence,71756,71816,97
chapter.sentence,71817,71885,98
chapter.sentence,71886,71916,99
chapter.sentence,71917,71979,100
quote.nonquote,71925,71982
chapter.paragraph,71982,72616,41
chapter.sentence,71982,72082,101
quote.quote,71982,72023
quote.nonquote,72023,72043
quote.suspension.short,72023,72043
quote.quote,72043,72618
chapter.sentence,72083,72439,102
chapter.sentence,72440,72615,103
chapter.paragraph,72618,73250,42
chapter.sentence,72618,72732,104
quote.quote,72618,72622
quote.nonquote,72622,72789
chapter.sentence,72733,72855,105
quote.quote,72789,72856
quote.nonquote,72856,72887
chapter.sentence,72856,72886,106
chapter.sentence,72887,72967,107
quote.quote,72887,72894
quote.nonquote,72894,72908
quote.suspension.short,72894,72908
quote.quote,72908,73252
chapter.sentence,72968,73081,108
chapter.sentence,73082,73249,109
chapter.paragraph,73252,73519,43
chapter.sentence,73252,73338,110
quote.quote,73252,73258
quote.nonquote,73258,73279
quote.suspension.short,73258,73279
quote.quote,73279,73521
chapter.sentence,73339,73518,111
chapter.paragraph,73521,73574,44
chapter.sentence,73521,73573,112
quote.quote,73521,73553
quote.nonquote,73553,73576
chapter.paragraph,73576,73656,45
chapter.sentence,73576,73630,113
quote.quote,73576,73610
quote.nonquote,73610,73631
quote.quote,73631,73658
chapter.sentence,73631,73655,114
chapter.paragraph,73658,73702,46
chapter.sentence,73658,73701,115
quote.quote,73658,73674
quote.nonquote,73674,73704
chapter.paragraph,73704,73831,47
chapter.sentence,73704,73830,116
quote.quote,73704,73726
quote.nonquote,73726,73748
quote.suspension.short,73726,73748
quote.quote,73748,73833
chapter.paragraph,73833,73937,48
chapter.sentence,73833,73936,117
quote.quote,73833,73864
quote.nonquote,73864,73882
quote.suspension.short,73864,73882
quote.quote,73882,73939
chapter.paragraph,73939,74138,49
quote.nonquote,73939,74020
chapter.sentence,73939,74019,118
chapter.sentence,74020,74137,119
quote.quote,74020,74039
quote.nonquote,74039,74061
quote.suspension.short,74039,74061
quote.quote,74061,74140
chapter.paragraph,74140,74192,50
chapter.sentence,74140,74191,120
quote.quote,74140,74168
quote.nonquote,74168,74194
chapter.paragraph,74194,74378,51
chapter.sentence,74194,74254,121
quote.quote,74194,74236
quote.nonquote,74236,74255
quote.quote,74255,74380
chapter.sentence,74255,74321,122
chapter.sentence,74322,74377,123
chapter.paragraph,74380,74875,52
chapter.sentence,74380,74497,124
quote.quote,74380,74479
quote.nonquote,74479,74498
quote.quote,74498,74877
chapter.sentence,74498,74559,125
chapter.sentence,74560,74707,126
chapter.sentence,74708,74794,127
chapter.sentence,74795,74814,128
chapter.sentence,74815,74874,129
chapter.paragraph,74877,74926,53
chapter.sentence,74877,74925,130
quote.quote,74877,74881
quote.nonquote,74881,74899
quote.suspension.short,74881,74899
quote.quote,74899,74928
quote.quote,74928,75173
chapter.paragraph,74928,75171,54
chapter.sentence,74928,75170,131
chapter.paragraph,75173,75239,55
chapter.sentence,75173,75238,132
quote.quote,75173,75217
quote.nonquote,75217,75241
chapter.paragraph,75241,75565,56
chapter.sentence,75241,75273,133
quote.quote,75241,75255
quote.nonquote,75255,75274
quote.quote,75274,75567
chapter.sentence,75274,75411,134
chapter.sentence,75412,75455,135
chapter.sentence,75456,75564,136
chapter.paragraph,75567,75909,57
chapter.sentence,75567,75593,137
quote.quote,75567,75574
quote.nonquote,75574,75594
quote.quote,75594,75911
chapter.sentence,75594,75630,138
chapter.sentence,75631,75696,139
chapter.sentence,75697,75859,140
chapter.sentence,75860,75892,141
chapter.sentence,75893,75908,142
quote.nonquote,75911,75970
chapter.paragraph,75911,75968,58
chapter.sentence,75911,75967,143
chapter.paragraph,75970,76510,59
chapter.sentence,75970,76022,144
quote.quote,75970,76003
quote.nonquote,76003,76023
quote.quote,76023,76512
chapter.sentence,76023,76124,145
chapter.sentence,76125,76188,146
chapter.sentence,76189,76253,147
chapter.sentence,76254,76459,148
chapter.sentence,76460,76509,149
chapter.paragraph,76512,77120,60
quote.nonquote,76512,76562
chapter.sentence,76512,76561,150
chapter.sentence,76562,76671,151
quote.quote,76562,76597
quote.nonquote,76597,77122
chapter.sentence,76672,76733,152
chapter.sentence,76734,76963,153
chapter.sentence,76964,77119,154
chapter.paragraph,77122,77513,61
chapter.sentence,77122,77209,155
quote.quote,77122,77151
quote.nonquote,77151,77169
quote.suspension.short,77151,77169
quote.quote,77169,77515
chapter.sentence,77210,77282,156
chapter.sentence,77283,77339,157
chapter.sentence,77340,77395,158
chapter.sentence,77396,77512,159
chapter.paragraph,77515,77730,62
quote.nonquote,77515,77688
chapter.sentence,77515,77670,160
chapter.sentence,77671,77687,161
chapter.sentence,77688,77729,162
quote.quote,77688,77717
quote.nonquote,77717,77746
chapter.paragraph,77732,77790,63
chapter.sentence,77732,77745,163
chapter.sentence,77746,77762,164
quote.quote,77746,77751
quote.nonquote,77751,77763
quote.quote,77763,77792
chapter.sentence,77763,77789,165
chapter.paragraph,77792,77869,64
chapter.sentence,77792,77868,166
quote.quote,77792,77810
quote.nonquote,77810,77871
chapter.paragraph,77871,77994,65
chapter.sentence,77871,77926,167
quote.quote,77871,77907
quote.nonquote,77907,77927
quote.quote,77927,77996
chapter.sentence,77927,77993,168
quote.nonquote,77996,78305
chapter.paragraph,77996,78303,66
chapter.sentence,77996,78035,169
chapter.sentence,78036,78302,170
chapter.paragraph,78305,78598,67
chapter.sentence,78305,78372,171
quote.quote,78305,78312
quote.nonquote,78312,78348
quote.suspension.long,78312,78348
quote.quote,78348,78373
quote.nonquote,78373,78418
chapter.sentence,78373,78417,172
chapter.sentence,78418,78597,173
quote.quote,78418,78500
quote.nonquote,78500,78513
quote.suspension.short,78500,78513
quote.quote,78513,78600
chapter.paragraph,78600,78658,68
chapter.sentence,78600,78657,174
quote.quote,78600,78609
quote.nonquote,78609,78626
quote.suspension.short,78609,78626
quote.quote,78626,78660
chapter.paragraph,78660,78751,69
chapter.sentence,78660,78721,175
quote.quote,78660,78703
quote.nonquote,78703,78722
quote.quote,78722,78753
chapter.sentence,78722,78750,176
quote.nonquote,78753,80255
chapter.paragraph,78753,79235,70
chapter.sentence,78753,78879,177
chapter.sentence,78880,78946,178
chapter.sentence,78947,79234,179
chapter.paragraph,79237,79755,71
chapter.sentence,79237,79351,180
chapter.sentence,79352,79754,181
chapter.paragraph,79757,80253,72
chapter.sentence,79757,79841,182
chapter.sentence,79842,79925,183
chapter.sentence,79926,80252,184
chapter.paragraph,80255,80415,73
chapter.sentence,80255,80324,185
quote.quote,80255,80277
quote.nonquote,80277,80295
quote.suspension.short,80277,80295
quote.quote,80295,80417
chapter.sentence,80325,80414,186
quote.nonquote,80417,81419
chapter.paragraph,80417,81373,74
chapter.sentence,80417,80645,187
chapter.sentence,80646,80785,188
chapter.sentence,80786,80846,189
chapter.sentence,80847,80886,190
chapter.sentence,80887,81013,191
chapter.sentence,81014,81312,192
chapter.sentence,81313,81372,193
chapter.paragraph,81375,81479,75
chapter.sentence,81375,81418,194
chapter.sentence,81419,81478,195
quote.quote,81419,81442
quote.nonquote,81442,81481
chapter.paragraph,81481,81665,76
chapter.sentence,81481,81570,196
quote.quote,81481,81501
quote.nonquote,81501,81667
chapter.sentence,81571,81664,197
chapter.paragraph,81667,81719,77
chapter.sentence,81667,81718,198
quote.quote,81667,81695
quote.nonquote,81695,81721
chapter.paragraph,81721,81815,78
chapter.sentence,81721,81741,199
quote.quote,81721,81725
quote.nonquote,81725,81742
quote.quote,81742,81817
chapter.sentence,81742,81814,200
chapter.paragraph,81817,82005,79
chapter.sentence,81817,81879,201
quote.quote,81817,81820
quote.nonquote,81820,81841
quote.suspension.short,81820,81841
quote.quote,81841,81880
quote.nonquote,81880,81927
chapter.sentence,81880,81926,202
chapter.sentence,81927,81971,203
quote.quote,81927,81952
quote.nonquote,81952,81972
quote.quote,81972,82007
chapter.sentence,81972,82004,204
quote.nonquote,82007,82369
chapter.paragraph,82007,82367,80
chapter.sentence,82007,82172,205
chapter.sentence,82173,82366,206
chapter.paragraph,82369,82506,81
chapter.sentence,82369,82505,207
quote.quote,82369,82422
quote.nonquote,82422,83299
chapter.paragraph,82508,82915,82
chapter.sentence,82508,82665,208
chapter.sentence,82666,82914,209
chapter.paragraph,82917,83365,83
chapter.sentence,82917,83066,210
chapter.sentence,83067,83298,211
chapter.sentence,83299,83364,212
quote.quote,83299,83345
quote.nonquote,83345,83367
chapter.paragraph,83367,83591,84
chapter.sentence,83367,83443,213
quote.quote,83367,83404
quote.nonquote,83404,83444
chapter.sentence,83444,83590,214
quote.quote,83444,83464
quote.nonquote,83464,83546
quote.suspension.long,83464,83546
quote.quote,83546,83579
quote.nonquote,83579,83593
chapter.paragraph,83593,84300,85
chapter.sentence,83593,83624,215
quote.quote,83593,83610
quote.nonquote,83610,84302
chapter.sentence,83625,83664,216
chapter.sentence,83665,83798,217
chapter.sentence,83799,83864,218
chapter.sentence,83865,84185,219
chapter.sentence,84186,84299,220
chapter.paragraph,84302,84490,86
chapter.sentence,84302,84332,221
quote.quote,84302,84321
quote.nonquote,84321,84333
quote.quote,84333,84492
chapter.sentence,84333,84489,222
chapter.paragraph,84492,84926,87
quote.nonquote,84492,84584
chapter.sentence,84492,84583,223
chapter.sentence,84584,84645,224
quote.quote,84584,84592
quote.nonquote,84592,84611
quote.suspension.short,84592,84611
quote.quote,84611,84928
chapter.sentence,84646,84741,225
chapter.sentence,84742,84828,226
chapter.sentence,84829,84852,227
chapter.sentence,84853,84925,228
chapter.paragraph,84928,84971,88
chapter.sentence,84928,84970,229
quote.quote,84928,84955
quote.nonquote,84955,84973
chapter.paragraph,84973,85124,89
chapter.sentence,84973,85019,230
quote.quote,84973,84988
quote.nonquote,84988,85020
quote.quote,85020,85056
chapter.sentence,85020,85055,231
quote.nonquote,85056,85572
chapter.sentence,85056,85123,232
chapter.paragraph,85126,85537,90
chapter.sentence,85126,85388,233
chapter.sentence,85389,85536,234
chapter.paragraph,85539,85590,91
chapter.sentence,85539,85589,235
quote.quote,85572,85592
chapter.paragraph,85592,85639,92
chapter.sentence,85592,85638,236
quote.quote,85592,85620
quote.nonquote,85620,85641
chapter.paragraph,85641,85738,93
chapter.sentence,85641,85737,237
quote.quote,85641,85651
quote.nonquote,85651,85773
chapter.paragraph,85740,86016,94
chapter.sentence,85740,85772,238
quote.quote,85773,86018
chapter.sentence,85773,85808,239
chapter.sentence,85809,85877,240
chapter.sentence,85878,86015,241
chapter.paragraph,86018,86261,95
quote.nonquote,86018,86261
chapter.sentence,86018,86260,242
chapter.title,86265,86296,9
chapter.text,86296,101356,9
quote.nonquote,86296,86795
chapter.paragraph,86298,86793,1
chapter.sentence,86298,86477,1
chapter.sentence,86478,86726,2
chapter.sentence,86727,86792,3
quote.quote,86795,90242
chapter.paragraph,86795,86817,2
chapter.sentence,86795,86816,4
chapter.paragraph,86817,87384,3
chapter.sentence,86817,87000,5
chapter.sentence,87001,87163,6
quote.embedded,87050,87107
chapter.sentence,87164,87259,7
chapter.sentence,87260,87363,8
chapter.sentence,87364,87383,9
chapter.paragraph,87386,88328,4
chapter.sentence,87386,87656,10
chapter.sentence,87657,87748,11
chapter.sentence,87749,88049,12
chapter.sentence,88050,88237,13
chapter.sentence,88238,88327,14
chapter.paragraph,88330,89329,5
chapter.sentence,88330,88389,15
chapter.sentence,88390,88715,16
chapter.sentence,88716,88965,17
chapter.sentence,88966,89037,18
chapter.sentence,89038,89328,19
chapter.paragraph,89331,89753,6
chapter.sentence,89331,89471,20
chapter.sentence,89472,89703,21
chapter.sentence,89704,89752,22
chapter.paragraph,89755,89762,7
chapter.sentence,89755,89761,23
chapter.paragraph,89764,90242,8
chapter.sentence,89764,89770,24
chapter.sentence,89771,89840,25
chapter.sentence,89841,89954,26
chapter.sentence,89955,90108,27
chapter.sentence,90109,90241,28
quote.nonquote,90242,92466
chapter.paragraph,90242,91457,9
chapter.sentence,90242,90405,29
chapter.sentence,90406,90580,30
chapter.sentence,90581,90668,31
chapter.sentence,90669,90835,32
chapter.sentence,90836,91038,33
chapter.sentence,91039,91223,34
chapter.sentence,91224,91305,35
chapter.sentence,91306,91456,36
chapter.paragraph,91459,93267,10
chapter.sentence,91459,91500,37
chapter.sentence,91501,91764,38
chapter.sentence,91765,91978,39
chapter.sentence,91979,92026,40
chapter.sentence,92027,92108,41
chapter.sentence,92109,92223,42
chapter.sentence,92224,92313,43
chapter.sentence,92314,92486,44
quote.quote,92466,92487
quote.nonquote,92487,93466
chapter.sentence,92487,92562,45
chapter.sentence,92563,92753,46
chapter.sentence,92754,92881,47
chapter.sentence,92882,92953,48
chapter.sentence,92954,93043,49
chapter.sentence,93044,93266,50
chapter.paragraph,93269,93464,11
chapter.sentence,93269,93365,51
chapter.sentence,93366,93463,52
chapter.paragraph,93466,93507,12
quote.quote,93466,93498
chapter.sentence,93466,93497,53
quote.nonquote,93498,95894
chapter.sentence,93498,93506,54
chapter.paragraph,93509,93815,13
chapter.sentence,93509,93672,55
chapter.sentence,93673,93814,56
chapter.paragraph,93817,94751,14
chapter.sentence,93817,93973,57
chapter.sentence,93974,94026,58
chapter.sentence,94027,94083,59
chapter.sentence,94084,94372,60
chapter.sentence,94373,94474,61
chapter.sentence,94475,94750,62
chapter.paragraph,94753,95719,15
chapter.sentence,94753,95258,63
chapter.sentence,95259,95341,64
chapter.sentence,95342,95718,65
chapter.paragraph,95721,95892,16
chapter.sentence,95721,95835,66
chapter.sentence,95836,95891,67
chapter.paragraph,95894,96038,17
chapter.sentence,95894,95922,68
quote.quote,95894,95910
quote.nonquote,95910,95923
quote.quote,95923,95942
chapter.sentence,95923,95941,69
quote.nonquote,95942,96117
chapter.sentence,95942,96037,70
chapter.paragraph,96040,96494,18
chapter.sentence,96040,96116,71
chapter.sentence,96117,96137,72
quote.quote,96117,96127
quote.nonquote,96127,96138
quote.quote,96138,96232
chapter.sentence,96138,96204,73
chapter.sentence,96205,96231,74
quote.nonquote,96232,96496
chapter.sentence,96232,96493,75
chapter.paragraph,96496,96956,19
chapter.sentence,96496,96555,76
quote.quote,96496,96526
quote.nonquote,96526,96556
quote.quote,96556,96768
chapter.sentence,96556,96647,77
chapter.sentence,96648,96955,78
quote.nonquote,96768,96926
quote.suspension.long,96768,96926
quote.quote,96926,96958
quote.nonquote,96958,97053
chapter.paragraph,96958,97051,20
chapter.sentence,96958,97050,79
chapter.paragraph,97053,97180,21
chapter.sentence,97053,97179,80
quote.quote,97053,97070
quote.nonquote,97070,97406
chapter.paragraph,97182,97404,22
chapter.sentence,97182,97249,81
chapter.sentence,97250,97403,82
chapter.paragraph,97406,97434,23
chapter.sentence,97406,97433,83
quote.quote,97406,97423
quote.nonquote,97423,97703
chapter.paragraph,97436,97745,24
chapter.sentence,97436,97533,84
chapter.sentence,97534,97628,85
chapter.sentence,97629,97744,86
quote.quote,97703,97732
quote.nonquote,97732,98434
chapter.paragraph,97747,97824,25
chapter.sentence,97747,97823,87
chapter.paragraph,97826,98432,26
chapter.sentence,97826,97935,88
chapter.sentence,97936,98116,89
chapter.sentence,98117,98263,90
chapter.sentence,98264,98431,91
chapter.paragraph,98434,99179,27
chapter.sentence,98434,98478,92
quote.quote,98434,98442
quote.nonquote,98442,98452
quote.suspension.short,98442,98452
quote.quote,98452,99181
chapter.sentence,98479,98676,93
chapter.sentence,98677,98737,94
chapter.sentence,98738,98933,95
chapter.sentence,98934,99178,96
chapter.paragraph,99181,99457,28
chapter.sentence,99181,99364,97
quote.quote,99181,99185
quote.nonquote,99185,99253
quote.suspension.long,99185,99253
quote.quote,99253,99459
chapter.sentence,99365,99456,98
chapter.paragraph,99459,99762,29
chapter.sentence,99459,99492,99
quote.quote,99459,99470
quote.nonquote,99470,99493
quote.quote,99493,99764
chapter.sentence,99493,99575,100
chapter.sentence,99576,99761,101
quote.nonquote,99764,100242
chapter.paragraph,99764,100240,30
chapter.sentence,99764,99815,102
chapter.sentence,99816,100239,103
chapter.paragraph,100242,100453,31
quote.quote,100242,100251
chapter.sentence,100242,100250,104
chapter.sentence,100251,100452,105
quote.nonquote,100251,100266
quote.quote,100266,100273
quote.nonquote,100273,101356
chapter.paragraph,100455,101356,32
chapter.sentence,100455,100528,106
chapter.sentence,100529,100699,107
chapter.sentence,100700,100905,108
chapter.sentence,100906,101052,109
chapter.sentence,101053,101165,110
chapter.sentence,101166,101341,111
chapter.sentence,101342,101355,112
chapter.title,101360,101410,10
chapter.text,101410,139151,10
quote.nonquote,101410,139151
chapter.paragraph,101412,105174,1
chapter.sentence,101412,101695,1
chapter.sentence,101696,101972,2
chapter.sentence,101973,102211,3
chapter.sentence,102212,102399,4
chapter.sentence,102400,102677,5
chapter.sentence,102678,102854,6
chapter.sentence,102855,103143,7
chapter.sentence,103144,103356,8
chapter.sentence,103357,103605,9
chapter.sentence,103606,103687,10
chapter.sentence,103688,103881,11
chapter.sentence,103882,103989,12
chapter.sentence,103990,104533,13
chapter.sentence,104534,104959,14
chapter.sentence,104960,105139,15
chapter.sentence,105140,105173,16
chapter.paragraph,105176,106435,2
chapter.sentence,105176,105300,17
chapter.sentence,105301,105478,18
chapter.sentence,105479,105623,19
chapter.sentence,105624,105715,20
chapter.sentence,105716,105946,21
chapter.sentence,105947,106041,22
chapter.sentence,106042,106434,23
chapter.paragraph,106437,107301,3
chapter.sentence,106437,106503,24
chapter.sentence,106504,106795,25
chapter.sentence,106796,106898,26
chapter.sentence,106899,107300,27
chapter.paragraph,107303,108267,4
chapter.sentence,107303,107458,28
chapter.sentence,107459,107555,29
chapter.sentence,107556,107675,30
chapter.sentence,107676,107933,31
chapter.sentence,107934,108128,32
chapter.sentence,108129,108266,33
chapter.paragraph,108269,109079,5
chapter.sentence,108269,108433,34
chapter.sentence,108434,108746,35
chapter.sentence,108747,109078,36
chapter.paragraph,109081,110566,6
chapter.sentence,109081,109191,37
chapter.sentence,109192,109348,38
chapter.sentence,109349,109516,39
chapter.sentence,109517,109632,40
chapter.sentence,109633,109747,41
chapter.sentence,109748,109875,42
chapter.sentence,109876,109994,43
chapter.sentence,109995,110017,44
chapter.sentence,110018,110046,45
chapter.sentence,110047,110220,46
chapter.sentence,110221,110257,47
chapter.sentence,110258,110398,48
chapter.sentence,110399,110565,49
chapter.paragraph,110568,111018,7
chapter.sentence,110568,111017,50
chapter.paragraph,111020,111975,8
chapter.sentence,111020,111067,51
chapter.sentence,111068,111325,52
chapter.sentence,111326,111534,53
chapter.sentence,111535,111694,54
chapter.sentence,111695,111927,55
chapter.sentence,111928,111974,56
chapter.paragraph,111977,113345,9
chapter.sentence,111977,112066,57
chapter.sentence,112067,112318,58
chapter.sentence,112319,112392,59
chapter.sentence,112393,112525,60
chapter.sentence,112526,112649,61
chapter.sentence,112650,112817,62
chapter.sentence,112818,113058,63
chapter.sentence,113059,113234,64
chapter.sentence,113235,113344,65
chapter.paragraph,113347,114189,10
chapter.sentence,113347,113458,66
chapter.sentence,113459,113510,67
chapter.sentence,113511,113708,68
chapter.sentence,113709,113772,69
chapter.sentence,113773,113807,70
chapter.sentence,113808,114188,71
chapter.paragraph,114191,115218,11
chapter.sentence,114191,114315,72
chapter.sentence,114316,114394,73
chapter.sentence,114395,114509,74
chapter.sentence,114510,114802,75
chapter.sentence,114803,114966,76
chapter.sentence,114967,115023,77
chapter.sentence,115024,115182,78
chapter.sentence,115183,115217,79
chapter.paragraph,115220,116203,12
chapter.sentence,115220,115460,80
chapter.sentence,115461,115554,81
chapter.sentence,115555,115945,82
chapter.sentence,115946,116202,83
chapter.paragraph,116205,117455,13
chapter.sentence,116205,116383,84
chapter.sentence,116384,116790,85
chapter.sentence,116791,116978,86
chapter.sentence,116979,117069,87
chapter.sentence,117070,117202,88
chapter.sentence,117203,117422,89
chapter.sentence,117423,117454,90
chapter.paragraph,117457,118851,14
chapter.sentence,117457,117688,91
chapter.sentence,117689,117781,92
chapter.sentence,117782,117846,93
chapter.sentence,117847,117876,94
chapter.sentence,117877,117959,95
chapter.sentence,117960,118217,96
chapter.sentence,118218,118348,97
chapter.sentence,118349,118504,98
chapter.sentence,118505,118850,99
chapter.paragraph,118853,120389,15
chapter.sentence,118853,118882,100
chapter.sentence,118883,119157,101
chapter.sentence,119158,119648,102
chapter.sentence,119649,119709,103
chapter.sentence,119710,119976,104
chapter.sentence,119977,120221,105
chapter.sentence,120222,120388,106
chapter.paragraph,120391,121753,16
chapter.sentence,120391,120437,107
chapter.sentence,120438,120539,108
chapter.sentence,120540,120841,109
chapter.sentence,120842,120924,110
chapter.sentence,120925,121053,111
chapter.sentence,121054,121194,112
chapter.sentence,121195,121412,113
chapter.sentence,121413,121752,114
chapter.paragraph,121755,122725,17
chapter.sentence,121755,122026,115
chapter.sentence,122027,122208,116
chapter.sentence,122209,122403,117
chapter.sentence,122404,122724,118
chapter.paragraph,122727,123912,18
chapter.sentence,122727,123115,119
chapter.sentence,123116,123156,120
chapter.sentence,123157,123207,121
chapter.sentence,123208,123680,122
chapter.sentence,123681,123911,123
chapter.paragraph,123914,126073,19
chapter.sentence,123914,123965,124
chapter.sentence,123966,124212,125
chapter.sentence,124213,124420,126
chapter.sentence,124421,124742,127
chapter.sentence,124743,124844,128
chapter.sentence,124845,125029,129
chapter.sentence,125030,125111,130
chapter.sentence,125112,125356,131
chapter.sentence,125357,125597,132
chapter.sentence,125598,125685,133
chapter.sentence,125686,125723,134
chapter.sentence,125724,126072,135
chapter.paragraph,126075,126566,20
chapter.sentence,126075,126244,136
chapter.sentence,126245,126297,137
chapter.sentence,126298,126434,138
chapter.sentence,126435,126565,139
chapter.paragraph,126568,127488,21
chapter.sentence,126568,126689,140
chapter.sentence,126690,126888,141
chapter.sentence,126889,127211,142
chapter.sentence,127212,127487,143
chapter.paragraph,127490,129017,22
chapter.sentence,127490,127648,144
chapter.sentence,127649,127759,145
chapter.sentence,127760,127944,146
chapter.sentence,127945,128120,147
chapter.sentence,128121,128291,148
chapter.sentence,128292,128415,149
chapter.sentence,128416,128644,150
chapter.sentence,128645,128759,151
chapter.sentence,128760,128788,152
chapter.sentence,128789,129016,153
chapter.paragraph,129019,130132,23
chapter.sentence,129019,129069,154
chapter.sentence,129070,129319,155
chapter.sentence,129320,129395,156
chapter.sentence,129396,129478,157
chapter.sentence,129479,129512,158
chapter.sentence,129513,129596,159
chapter.sentence,129597,129653,160
chapter.sentence,129654,129694,161
chapter.sentence,129695,129922,162
chapter.sentence,129923,129996,163
chapter.sentence,129997,130131,164
chapter.paragraph,130134,131300,24
chapter.sentence,130134,130294,165
chapter.sentence,130295,130431,166
chapter.sentence,130432,130640,167
chapter.sentence,130641,130885,168
chapter.sentence,130886,131024,169
chapter.sentence,131025,131299,170
chapter.paragraph,131302,132288,25
chapter.sentence,131302,131619,171
chapter.sentence,131620,131647,172
chapter.sentence,131648,131727,173
chapter.sentence,131728,132013,174
chapter.sentence,132014,132184,175
chapter.sentence,132185,132247,176
chapter.sentence,132248,132287,177
chapter.paragraph,132290,133262,26
chapter.sentence,132290,132382,178
chapter.sentence,132383,132496,179
chapter.sentence,132497,132523,180
chapter.sentence,132524,132613,181
chapter.sentence,132614,132741,182
chapter.sentence,132742,132887,183
chapter.sentence,132888,132943,184
chapter.sentence,132944,133261,185
chapter.paragraph,133264,136775,27
chapter.sentence,133264,133582,186
chapter.sentence,133583,133655,187
chapter.sentence,133656,133768,188
chapter.sentence,133769,133954,189
chapter.sentence,133955,134138,190
chapter.sentence,134139,134473,191
chapter.sentence,134474,134815,192
chapter.sentence,134816,134886,193
chapter.sentence,134887,134955,194
chapter.sentence,134956,135002,195
chapter.sentence,135003,135348,196
chapter.sentence,135349,135558,197
chapter.sentence,135559,135855,198
chapter.sentence,135856,135912,199
chapter.sentence,135913,136213,200
chapter.sentence,136214,136512,201
chapter.sentence,136513,136561,202
chapter.sentence,136562,136774,203
chapter.paragraph,136777,137684,28
chapter.sentence,136777,137196,204
chapter.sentence,137197,137309,205
chapter.sentence,137310,137478,206
chapter.sentence,137479,137683,207
chapter.paragraph,137686,139151,29
chapter.sentence,137686,137800,208
chapter.sentence,137801,137954,209
chapter.sentence,137955,138133,210
chapter.sentence,138134,138417,211
chapter.sentence,138418,138502,212
chapter.sentence,138503,138817,213
chapter.sentence,138818,138913,214
chapter.sentence,138914,139022,215
chapter.sentence,139023,139150,216
